question_id,question,option_a,option_b,option_c,option_d,correct_option,difficulty,category,explanation,source,source_url,active,verified_date,content_type
NCQ-001,नेपाली कांग्रेसको प्रारम्भिक स्थापना को सही उत्तर कुन हो?,२००३,२००७,२०१५,२०४६,A,basic,इतिहास,सही उत्तर: २००३। स्रोतमा यो तथ्य उल्लेख गरिएको छ।,नेपाली कांग्रेस — इतिहास,https://nepalicongress.org/history/,True,2026-09-25,mcq
NCQ-002,तलका विकल्पमध्ये नेपाली कांग्रेसको प्रारम्भिक स्थापना सँग मिल्ने तथ्य छान्नुहोस्।,२०१५,२०४६,२००३,२००७,C,basic,इतिहास,सही उत्तर: २००३। स्रोतमा यो तथ्य उल्लेख गरिएको छ।,नेपाली कांग्रेस — इतिहास,https://nepalicongress.org/history/,True,2026-09-25,mcq
NCQ-003,ज्ञान परीक्षण: नेपाली कांग्रेसको प्रारम्भिक स्थापना — सही विकल्प कुन हो?,२००३,२००७,२०१५,२०४६,A,basic,इतिहास,सही उत्तर: २००३। स्रोतमा यो तथ्य उल्लेख गरिएको छ।,नेपाली कांग्रेस — इतिहास,https://nepalicongress.org/history/,True,2026-09-25,mcq
NCQ-004,"यदि तपाईंलाई इतिहास/सिद्धान्त थाहा छ भने, नेपाली कांग्रेसको प्रारम्भिक स्थापना को उत्तर छान्नुहोस्।",२०१५,२०४६,२००३,२००७,C,basic,इतिहास,सही उत्तर: २००३। स्रोतमा यो तथ्य उल्लेख गरिएको छ।,नेपाली कांग्रेस — इतिहास,https://nepalicongress.org/history/,True,2026-09-25,mcq
NCQ-005,चुनौती: नेपाली कांग्रेसको प्रारम्भिक स्थापना — चार विकल्पमध्ये सही उत्तर कुन हो?,२००३,२००७,२०१५,२०४६,A,basic,इतिहास,सही उत्तर: २००३। स्रोतमा यो तथ्य उल्लेख गरिएको छ।,नेपाली कांग्रेस — इतिहास,https://nepalicongress.org/history/,True,2026-09-25,mcq
NCQ-006,पहिलो अधिवेशन भएको स्थान को सही उत्तर कुन हो?,बनारस,जनकपुर,काठमाडौं,"भवानीपुर, कलकत्ता",D,basic,महाधिवेशन,"सही उत्तर: भवानीपुर, कलकत्ता। स्रोतमा यो तथ्य उल्लेख गरिएको छ।",नेपाली कांग्रेस — महाधिवेशन,https://app.nepalicongress.org/history/,True,2026-09-25,mcq
NCQ-007,तलका विकल्पमध्ये पहिलो अधिवेशन भएको स्थान सँग मिल्ने तथ्य छान्नुहोस्।,काठमाडौं,"भवानीपुर, कलकत्ता",बनारस,जनकपुर,B,basic,महाधिवेशन,"सही उत्तर: भवानीपुर, कलकत्ता। स्रोतमा यो तथ्य उल्लेख गरिएको छ।",नेपाली कांग्रेस — महाधिवेशन,https://app.nepalicongress.org/history/,True,2026-09-25,mcq
NCQ-008,ज्ञान परीक्षण: पहिलो अधिवेशन भएको स्थान — सही विकल्प कुन हो?,बनारस,जनकपुर,काठमाडौं,"भवानीपुर, कलकत्ता",D,basic,महाधिवेशन,"सही उत्तर: भवानीपुर, कलकत्ता। स्रोतमा यो तथ्य उल्लेख गरिएको छ।",नेपाली कांग्रेस — महाधिवेशन,https://app.nepalicongress.org/history/,True,2026-09-25,mcq
NCQ-009,"यदि तपाईंलाई इतिहास/सिद्धान्त थाहा छ भने, पहिलो अधिवेशन भएको स्थान को उत्तर छान्नुहोस्।",काठमाडौं,"भवानीपुर, कलकत्ता",बनारस,जनकपुर,B,basic,महाधिवेशन,"सही उत्तर: भवानीपुर, कलकत्ता। स्रोतमा यो तथ्य उल्लेख गरिएको छ।",नेपाली कांग्रेस — महाधिवेशन,https://app.nepalicongress.org/history/,True,2026-09-25,mcq
NCQ-010,चुनौती: पहिलो अधिवेशन भएको स्थान — चार विकल्पमध्ये सही उत्तर कुन हो?,बनारस,जनकपुर,काठमाडौं,"भवानीपुर, कलकत्ता",D,basic,महाधिवेशन,"सही उत्तर: भवानीपुर, कलकत्ता। स्रोतमा यो तथ्य उल्लेख गरिएको छ।",नेपाली कांग्रेस — महाधिवेशन,https://app.nepalicongress.org/history/,True,2026-09-25,mcq
NCQ-011,पहिलो अधिवेशन भएको वर्ष को सही उत्तर कुन हो?,२००५,२००९,२००३,२००४,C,basic,महाधिवेशन,सही उत्तर: २००३। स्रोतमा यो तथ्य उल्लेख गरिएको छ।,नेपाली कांग्रेस — महाधिवेशन,https://app.nepalicongress.org/history/,True,2026-09-25,mcq
NCQ-012,तलका विकल्पमध्ये पहिलो अधिवेशन भएको वर्ष सँग मिल्ने तथ्य छान्नुहोस्।,२००३,२००४,२००५,२००९,A,basic,महाधिवेशन,सही उत्तर: २००३। स्रोतमा यो तथ्य उल्लेख गरिएको छ।,नेपाली कांग्रेस — महाधिवेशन,https://app.nepalicongress.org/history/,True,2026-09-25,mcq
NCQ-013,ज्ञान परीक्षण: पहिलो अधिवेशन भएको वर्ष — सही विकल्प कुन हो?,२००५,२००९,२००३,२००४,C,basic,महाधिवेशन,सही उत्तर: २००३। स्रोतमा यो तथ्य उल्लेख गरिएको छ।,नेपाली कांग्रेस — महाधिवेशन,https://app.nepalicongress.org/history/,True,2026-09-25,mcq
NCQ-014,"यदि तपाईंलाई इतिहास/सिद्धान्त थाहा छ भने, पहिलो अधिवेशन भएको वर्ष को उत्तर छान्नुहोस्।",२००३,२००४,२००५,२००९,A,basic,महाधिवेशन,सही उत्तर: २००३। स्रोतमा यो तथ्य उल्लेख गरिएको छ।,नेपाली कांग्रेस — महाधिवेशन,https://app.nepalicongress.org/history/,True,2026-09-25,mcq
NCQ-015,चुनौती: पहिलो अधिवेशन भएको वर्ष — चार विकल्पमध्ये सही उत्तर कुन हो?,२००५,२००९,२००३,२००४,C,basic,महाधिवेशन,सही उत्तर: २००३। स्रोतमा यो तथ्य उल्लेख गरिएको छ।,नेपाली कांग्रेस — महाधिवेशन,https://app.nepalicongress.org/history/,True,2026-09-25,mcq
NCQ-016,नेपाली डेमोक्रेटिक कांग्रेससँग एकीकरण भएको मिति को सही उत्तर कुन हो?,२०१५ असार १,२००६ चैत २७,२००३ माघ १२,२००७ फागुन ७,B,basic,इतिहास,सही उत्तर: २००६ चैत २७। स्रोतमा यो तथ्य उल्लेख गरिएको छ।,नेपाली कांग्रेस — इतिहास,https://nepalicongress.org/history/,True,2026-09-25,mcq
NCQ-017,तलका विकल्पमध्ये नेपाली डेमोक्रेटिक कांग्रेससँग एकीकरण भएको मिति सँग मिल्ने तथ्य छान्नुहोस्।,२००३ माघ १२,२००७ फागुन ७,२०१५ असार १,२००६ चैत २७,D,basic,इतिहास,सही उत्तर: २००६ चैत २७। स्रोतमा यो तथ्य उल्लेख गरिएको छ।,नेपाली कांग्रेस — इतिहास,https://nepalicongress.org/history/,True,2026-09-25,mcq
NCQ-018,ज्ञान परीक्षण: नेपाली डेमोक्रेटिक कांग्रेससँग एकीकरण भएको मिति — सही विकल्प कुन हो?,२०१५ असार १,२००६ चैत २७,२००३ माघ १२,२००७ फागुन ७,B,basic,इतिहास,सही उत्तर: २००६ चैत २७। स्रोतमा यो तथ्य उल्लेख गरिएको छ।,नेपाली कांग्रेस — इतिहास,https://nepalicongress.org/history/,True,2026-09-25,mcq
NCQ-019,"यदि तपाईंलाई इतिहास/सिद्धान्त थाहा छ भने, नेपाली डेमोक्रेटिक कांग्रेससँग एकीकरण भएको मिति को उत्तर छान्नुहोस्।",२००३ माघ १२,२००७ फागुन ७,२०१५ असार १,२००६ चैत २७,D,basic,इतिहास,सही उत्तर: २००६ चैत २७। स्रोतमा यो तथ्य उल्लेख गरिएको छ।,नेपाली कांग्रेस — इतिहास,https://nepalicongress.org/history/,True,2026-09-25,mcq
NCQ-020,चुनौती: नेपाली डेमोक्रेटिक कांग्रेससँग एकीकरण भएको मिति — चार विकल्पमध्ये सही उत्तर कुन हो?,२०१५ असार १,२००६ चैत २७,२००३ माघ १२,२००७ फागुन ७,B,basic,इतिहास,सही उत्तर: २००६ चैत २७। स्रोतमा यो तथ्य उल्लेख गरिएको छ।,नेपाली कांग्रेस — इतिहास,https://nepalicongress.org/history/,True,2026-09-25,mcq
NCQ-021,बी.पी. को पूरा नाम को सही उत्तर कुन हो?,विश्वेश्वरप्रसाद कोइराला,गणेशप्रसाद कोइराला,कृष्णप्रसाद कोइराला,बालकृष्णप्रसाद कोइराला,A,basic,नेता,सही उत्तर: विश्वेश्वरप्रसाद कोइराला। स्रोतमा यो तथ्य उल्लेख गरिएको छ।,नेपाली कांग्रेस — नेता,https://nepalicongress.org/leader/bp-koirala/,True,2026-09-25,mcq
NCQ-022,तलका विकल्पमध्ये बी.पी. को पूरा नाम सँग मिल्ने तथ्य छान्नुहोस्।,कृष्णप्रसाद कोइराला,बालकृष्णप्रसाद कोइराला,विश्वेश्वरप्रसाद कोइराला,गणेशप्रसाद कोइराला,C,basic,नेता,सही उत्तर: विश्वेश्वरप्रसाद कोइराला। स्रोतमा यो तथ्य उल्लेख गरिएको छ।,नेपाली कांग्रेस — नेता,https://nepalicongress.org/leader/bp-koirala/,True,2026-09-25,mcq
NCQ-023,ज्ञान परीक्षण: बी.पी. को पूरा नाम — सही विकल्प कुन हो?,विश्वेश्वरप्रसाद कोइराला,गणेशप्रसाद कोइराला,कृष्णप्रसाद कोइराला,बालकृष्णप्रसाद कोइराला,A,basic,नेता,सही उत्तर: विश्वेश्वरप्रसाद कोइराला। स्रोतमा यो तथ्य उल्लेख गरिएको छ।,नेपाली कांग्रेस — नेता,https://nepalicongress.org/leader/bp-koirala/,True,2026-09-25,mcq
NCQ-024,"यदि तपाईंलाई इतिहास/सिद्धान्त थाहा छ भने, बी.पी. को पूरा नाम को उत्तर छान्नुहोस्।",कृष्णप्रसाद कोइराला,बालकृष्णप्रसाद कोइराला,विश्वेश्वरप्रसाद कोइराला,गणेशप्रसाद कोइराला,C,basic,नेता,सही उत्तर: विश्वेश्वरप्रसाद कोइराला। स्रोतमा यो तथ्य उल्लेख गरिएको छ।,नेपाली कांग्रेस — नेता,https://nepalicongress.org/leader/bp-koirala/,True,2026-09-25,mcq
NCQ-025,चुनौती: बी.पी. को पूरा नाम — चार विकल्पमध्ये सही उत्तर कुन हो?,विश्वेश्वरप्रसाद कोइराला,गणेशप्रसाद कोइराला,कृष्णप्रसाद कोइराला,बालकृष्णप्रसाद कोइराला,A,basic,नेता,सही उत्तर: विश्वेश्वरप्रसाद कोइराला। स्रोतमा यो तथ्य उल्लेख गरिएको छ।,नेपाली कांग्रेस — नेता,https://nepalicongress.org/leader/bp-koirala/,True,2026-09-25,mcq
NCQ-026,नेपाली कांग्रेसका प्रमुख आदर्श को सही उत्तर कुन हो?,"राजतन्त्र, सैन्यवाद, साम्यवाद","एकदलीयता, राजतन्त्र, सैन्यवाद","केन्द्रीकरण, धर्मतन्त्र, सैन्यवाद","राष्ट्रियता, लोकतन्त्र, समाजवाद",D,basic,सिद्धान्त,"सही उत्तर: राष्ट्रियता, लोकतन्त्र, समाजवाद। स्रोतमा यो तथ्य उल्लेख गरिएको छ।",नेपाली कांग्रेस — सिद्धान्त,https://nepalicongress.org/principle/,True,2026-09-25,mcq
NCQ-027,तलका विकल्पमध्ये नेपाली कांग्रेसका प्रमुख आदर्श सँग मिल्ने तथ्य छान्नुहोस्।,"केन्द्रीकरण, धर्मतन्त्र, सैन्यवाद","राष्ट्रियता, लोकतन्त्र, समाजवाद","राजतन्त्र, सैन्यवाद, साम्यवाद","एकदलीयता, राजतन्त्र, सैन्यवाद",B,basic,सिद्धान्त,"सही उत्तर: राष्ट्रियता, लोकतन्त्र, समाजवाद। स्रोतमा यो तथ्य उल्लेख गरिएको छ।",नेपाली कांग्रेस — सिद्धान्त,https://nepalicongress.org/principle/,True,2026-09-25,mcq
NCQ-028,ज्ञान परीक्षण: नेपाली कांग्रेसका प्रमुख आदर्श — सही विकल्प कुन हो?,"राजतन्त्र, सैन्यवाद, साम्यवाद","एकदलीयता, राजतन्त्र, सैन्यवाद","केन्द्रीकरण, धर्मतन्त्र, सैन्यवाद","राष्ट्रियता, लोकतन्त्र, समाजवाद",D,basic,सिद्धान्त,"सही उत्तर: राष्ट्रियता, लोकतन्त्र, समाजवाद। स्रोतमा यो तथ्य उल्लेख गरिएको छ।",नेपाली कांग्रेस — सिद्धान्त,https://nepalicongress.org/principle/,True,2026-09-25,mcq
NCQ-029,"यदि तपाईंलाई इतिहास/सिद्धान्त थाहा छ भने, नेपाली कांग्रेसका प्रमुख आदर्श को उत्तर छान्नुहोस्।","केन्द्रीकरण, धर्मतन्त्र, सैन्यवाद","राष्ट्रियता, लोकतन्त्र, समाजवाद","राजतन्त्र, सैन्यवाद, साम्यवाद","एकदलीयता, राजतन्त्र, सैन्यवाद",B,basic,सिद्धान्त,"सही उत्तर: राष्ट्रियता, लोकतन्त्र, समाजवाद। स्रोतमा यो तथ्य उल्लेख गरिएको छ।",नेपाली कांग्रेस — सिद्धान्त,https://nepalicongress.org/principle/,True,2026-09-25,mcq
NCQ-030,चुनौती: नेपाली कांग्रेसका प्रमुख आदर्श — चार विकल्पमध्ये सही उत्तर कुन हो?,"राजतन्त्र, सैन्यवाद, साम्यवाद","एकदलीयता, राजतन्त्र, सैन्यवाद","केन्द्रीकरण, धर्मतन्त्र, सैन्यवाद","राष्ट्रियता, लोकतन्त्र, समाजवाद",D,basic,सिद्धान्त,"सही उत्तर: राष्ट्रियता, लोकतन्त्र, समाजवाद। स्रोतमा यो तथ्य उल्लेख गरिएको छ।",नेपाली कांग्रेस — सिद्धान्त,https://nepalicongress.org/principle/,True,2026-09-25,mcq
NCQ-031,२००७ सालको संघर्षसँग जोडिएको परिवर्तन को सही उत्तर कुन हो?,गणतन्त्र स्थापना,संघीयता स्थापना,राणा शासनको अन्त्य र प्रजातन्त्र स्थापना,पञ्चायत स्थापना,C,basic,आन्दोलन,सही उत्तर: राणा शासनको अन्त्य र प्रजातन्त्र स्थापना। स्रोतमा यो तथ्य उल्लेख गरिएको छ।,नेपाली कांग्रेस — आन्दोलन,https://nepalicongress.org/achievements/,True,2026-09-25,mcq
NCQ-032,तलका विकल्पमध्ये २००७ सालको संघर्षसँग जोडिएको परिवर्तन सँग मिल्ने तथ्य छान्नुहोस्।,राणा शासनको अन्त्य र प्रजातन्त्र स्थापना,पञ्चायत स्थापना,गणतन्त्र स्थापना,संघीयता स्थापना,A,basic,आन्दोलन,सही उत्तर: राणा शासनको अन्त्य र प्रजातन्त्र स्थापना। स्रोतमा यो तथ्य उल्लेख गरिएको छ।,नेपाली कांग्रेस — आन्दोलन,https://nepalicongress.org/achievements/,True,2026-09-25,mcq
NCQ-033,ज्ञान परीक्षण: २००७ सालको संघर्षसँग जोडिएको परिवर्तन — सही विकल्प कुन हो?,गणतन्त्र स्थापना,संघीयता स्थापना,राणा शासनको अन्त्य र प्रजातन्त्र स्थापना,पञ्चायत स्थापना,C,basic,आन्दोलन,सही उत्तर: राणा शासनको अन्त्य र प्रजातन्त्र स्थापना। स्रोतमा यो तथ्य उल्लेख गरिएको छ।,नेपाली कांग्रेस — आन्दोलन,https://nepalicongress.org/achievements/,True,2026-09-25,mcq
NCQ-034,"यदि तपाईंलाई इतिहास/सिद्धान्त थाहा छ भने, २००७ सालको संघर्षसँग जोडिएको परिवर्तन को उत्तर छान्नुहोस्।",राणा शासनको अन्त्य र प्रजातन्त्र स्थापना,पञ्चायत स्थापना,गणतन्त्र स्थापना,संघीयता स्थापना,A,basic,आन्दोलन,सही उत्तर: राणा शासनको अन्त्य र प्रजातन्त्र स्थापना। स्रोतमा यो तथ्य उल्लेख गरिएको छ।,नेपाली कांग्रेस — आन्दोलन,https://nepalicongress.org/achievements/,True,2026-09-25,mcq
NCQ-035,चुनौती: २००७ सालको संघर्षसँग जोडिएको परिवर्तन — चार विकल्पमध्ये सही उत्तर कुन हो?,गणतन्त्र स्थापना,संघीयता स्थापना,राणा शासनको अन्त्य र प्रजातन्त्र स्थापना,पञ्चायत स्थापना,C,basic,आन्दोलन,सही उत्तर: राणा शासनको अन्त्य र प्रजातन्त्र स्थापना। स्रोतमा यो तथ्य उल्लेख गरिएको छ।,नेपाली कांग्रेस — आन्दोलन,https://nepalicongress.org/achievements/,True,2026-09-25,mcq
NCQ-036,पहिलो आमनिर्वाचनमा कांग्रेसले जितेको सिट को सही उत्तर कुन हो?,११३,७४,५९,९०,B,basic,निर्वाचन,सही उत्तर: ७४। स्रोतमा यो तथ्य उल्लेख गरिएको छ।,नेपाली कांग्रेस — निर्वाचन,https://nepalicongress.org/timeline/,True,2026-09-25,mcq
NCQ-037,तलका विकल्पमध्ये पहिलो आमनिर्वाचनमा कांग्रेसले जितेको सिट सँग मिल्ने तथ्य छान्नुहोस्।,५९,९०,११३,७४,D,basic,निर्वाचन,सही उत्तर: ७४। स्रोतमा यो तथ्य उल्लेख गरिएको छ।,नेपाली कांग्रेस — निर्वाचन,https://nepalicongress.org/timeline/,True,2026-09-25,mcq
NCQ-038,ज्ञान परीक्षण: पहिलो आमनिर्वाचनमा कांग्रेसले जितेको सिट — सही विकल्प कुन हो?,११३,७४,५९,९०,B,basic,निर्वाचन,सही उत्तर: ७४। स्रोतमा यो तथ्य उल्लेख गरिएको छ।,नेपाली कांग्रेस — निर्वाचन,https://nepalicongress.org/timeline/,True,2026-09-25,mcq
NCQ-039,"यदि तपाईंलाई इतिहास/सिद्धान्त थाहा छ भने, पहिलो आमनिर्वाचनमा कांग्रेसले जितेको सिट को उत्तर छान्नुहोस्।",५९,९०,११३,७४,D,basic,निर्वाचन,सही उत्तर: ७४। स्रोतमा यो तथ्य उल्लेख गरिएको छ।,नेपाली कांग्रेस — निर्वाचन,https://nepalicongress.org/timeline/,True,2026-09-25,mcq
NCQ-040,चुनौती: पहिलो आमनिर्वाचनमा कांग्रेसले जितेको सिट — चार विकल्पमध्ये सही उत्तर कुन हो?,११३,७४,५९,९०,B,basic,निर्वाचन,सही उत्तर: ७४। स्रोतमा यो तथ्य उल्लेख गरिएको छ।,नेपाली कांग्रेस — निर्वाचन,https://nepalicongress.org/timeline/,True,2026-09-25,mcq
NCQ-041,२०१७ मा जननिर्वाचित सरकार भङ्ग गर्ने राजा को सही उत्तर कुन हो?,महेन्द्र,त्रिभुवन,वीरेन्द्र,ज्ञानेन्द्र,A,basic,इतिहास,सही उत्तर: महेन्द्र। स्रोतमा यो तथ्य उल्लेख गरिएको छ।,नेपाली कांग्रेस — इतिहास,https://nepalicongress.org/timeline/,True,2026-09-25,mcq
NCQ-042,तलका विकल्पमध्ये २०१७ मा जननिर्वाचित सरकार भङ्ग गर्ने राजा सँग मिल्ने तथ्य छान्नुहोस्।,वीरेन्द्र,ज्ञानेन्द्र,महेन्द्र,त्रिभुवन,C,basic,इतिहास,सही उत्तर: महेन्द्र। स्रोतमा यो तथ्य उल्लेख गरिएको छ।,नेपाली कांग्रेस — इतिहास,https://nepalicongress.org/timeline/,True,2026-09-25,mcq
NCQ-043,ज्ञान परीक्षण: २०१७ मा जननिर्वाचित सरकार भङ्ग गर्ने राजा — सही विकल्प कुन हो?,महेन्द्र,त्रिभुवन,वीरेन्द्र,ज्ञानेन्द्र,A,basic,इतिहास,सही उत्तर: महेन्द्र। स्रोतमा यो तथ्य उल्लेख गरिएको छ।,नेपाली कांग्रेस — इतिहास,https://nepalicongress.org/timeline/,True,2026-09-25,mcq
NCQ-044,"यदि तपाईंलाई इतिहास/सिद्धान्त थाहा छ भने, २०१७ मा जननिर्वाचित सरकार भङ्ग गर्ने राजा को उत्तर छान्नुहोस्।",वीरेन्द्र,ज्ञानेन्द्र,महेन्द्र,त्रिभुवन,C,basic,इतिहास,सही उत्तर: महेन्द्र। स्रोतमा यो तथ्य उल्लेख गरिएको छ।,नेपाली कांग्रेस — इतिहास,https://nepalicongress.org/timeline/,True,2026-09-25,mcq
NCQ-045,चुनौती: २०१७ मा जननिर्वाचित सरकार भङ्ग गर्ने राजा — चार विकल्पमध्ये सही उत्तर कुन हो?,महेन्द्र,त्रिभुवन,वीरेन्द्र,ज्ञानेन्द्र,A,basic,इतिहास,सही उत्तर: महेन्द्र। स्रोतमा यो तथ्य उल्लेख गरिएको छ।,नेपाली कांग्रेस — इतिहास,https://nepalicongress.org/timeline/,True,2026-09-25,mcq
NCQ-046,२०१७ पछि लागू भएको व्यवस्था को सही उत्तर कुन हो?,बहुदलीय व्यवस्था,संघीय गणतन्त्र,राणा शासन,पञ्चायती व्यवस्था,D,basic,इतिहास,सही उत्तर: पञ्चायती व्यवस्था। स्रोतमा यो तथ्य उल्लेख गरिएको छ।,नेपाली कांग्रेस — इतिहास,https://nepalicongress.org/timeline/,True,2026-09-25,mcq
NCQ-047,तलका विकल्पमध्ये २०१७ पछि लागू भएको व्यवस्था सँग मिल्ने तथ्य छान्नुहोस्।,राणा शासन,पञ्चायती व्यवस्था,बहुदलीय व्यवस्था,संघीय गणतन्त्र,B,basic,इतिहास,सही उत्तर: पञ्चायती व्यवस्था। स्रोतमा यो तथ्य उल्लेख गरिएको छ।,नेपाली कांग्रेस — इतिहास,https://nepalicongress.org/timeline/,True,2026-09-25,mcq
NCQ-048,ज्ञान परीक्षण: २०१७ पछि लागू भएको व्यवस्था — सही विकल्प कुन हो?,बहुदलीय व्यवस्था,संघीय गणतन्त्र,राणा शासन,पञ्चायती व्यवस्था,D,basic,इतिहास,सही उत्तर: पञ्चायती व्यवस्था। स्रोतमा यो तथ्य उल्लेख गरिएको छ।,नेपाली कांग्रेस — इतिहास,https://nepalicongress.org/timeline/,True,2026-09-25,mcq
NCQ-049,"यदि तपाईंलाई इतिहास/सिद्धान्त थाहा छ भने, २०१७ पछि लागू भएको व्यवस्था को उत्तर छान्नुहोस्।",राणा शासन,पञ्चायती व्यवस्था,बहुदलीय व्यवस्था,संघीय गणतन्त्र,B,basic,इतिहास,सही उत्तर: पञ्चायती व्यवस्था। स्रोतमा यो तथ्य उल्लेख गरिएको छ।,नेपाली कांग्रेस — इतिहास,https://nepalicongress.org/timeline/,True,2026-09-25,mcq
NCQ-050,चुनौती: २०१७ पछि लागू भएको व्यवस्था — चार विकल्पमध्ये सही उत्तर कुन हो?,बहुदलीय व्यवस्था,संघीय गणतन्त्र,राणा शासन,पञ्चायती व्यवस्था,D,basic,इतिहास,सही उत्तर: पञ्चायती व्यवस्था। स्रोतमा यो तथ्य उल्लेख गरिएको छ।,नेपाली कांग्रेस — इतिहास,https://nepalicongress.org/timeline/,True,2026-09-25,mcq
NCQ-051,राष्ट्रिय मेलमिलाप नीतिसँग जोडिएको मिति को सही उत्तर कुन हो?,२६ चैत २०४६,३ असोज २०७२,१६ पुस २०३३,७ फागुन २००७,C,medium,बीपी,सही उत्तर: १६ पुस २०३३। स्रोतमा यो तथ्य उल्लेख गरिएको छ।,नेपाली कांग्रेस — बीपी,https://nepalicongress.org/timeline/,True,2026-09-25,mcq
NCQ-052,तलका विकल्पमध्ये राष्ट्रिय मेलमिलाप नीतिसँग जोडिएको मिति सँग मिल्ने तथ्य छान्नुहोस्।,१६ पुस २०३३,७ फागुन २००७,२६ चैत २०४६,३ असोज २०७२,A,medium,बीपी,सही उत्तर: १६ पुस २०३३। स्रोतमा यो तथ्य उल्लेख गरिएको छ।,नेपाली कांग्रेस — बीपी,https://nepalicongress.org/timeline/,True,2026-09-25,mcq
NCQ-053,ज्ञान परीक्षण: राष्ट्रिय मेलमिलाप नीतिसँग जोडिएको मिति — सही विकल्प कुन हो?,२६ चैत २०४६,३ असोज २०७२,१६ पुस २०३३,७ फागुन २००७,C,medium,बीपी,सही उत्तर: १६ पुस २०३३। स्रोतमा यो तथ्य उल्लेख गरिएको छ।,नेपाली कांग्रेस — बीपी,https://nepalicongress.org/timeline/,True,2026-09-25,mcq
NCQ-054,"यदि तपाईंलाई इतिहास/सिद्धान्त थाहा छ भने, राष्ट्रिय मेलमिलाप नीतिसँग जोडिएको मिति को उत्तर छान्नुहोस्।",१६ पुस २०३३,७ फागुन २००७,२६ चैत २०४६,३ असोज २०७२,A,medium,बीपी,सही उत्तर: १६ पुस २०३३। स्रोतमा यो तथ्य उल्लेख गरिएको छ।,नेपाली कांग्रेस — बीपी,https://nepalicongress.org/timeline/,True,2026-09-25,mcq
NCQ-055,चुनौती: राष्ट्रिय मेलमिलाप नीतिसँग जोडिएको मिति — चार विकल्पमध्ये सही उत्तर कुन हो?,२६ चैत २०४६,३ असोज २०७२,१६ पुस २०३३,७ फागुन २००७,C,medium,बीपी,सही उत्तर: १६ पुस २०३३। स्रोतमा यो तथ्य उल्लेख गरिएको छ।,नेपाली कांग्रेस — बीपी,https://nepalicongress.org/timeline/,True,2026-09-25,mcq
NCQ-056,२०४६ जनआन्दोलनको प्रमुख उपलब्धि को सही उत्तर कुन हो?,गणतन्त्र स्थापना,बहुदलीय प्रजातन्त्र पुनर्स्थापना,राणा शासन स्थापना,पञ्चायत विस्तार,B,medium,आन्दोलन,सही उत्तर: बहुदलीय प्रजातन्त्र पुनर्स्थापना। स्रोतमा यो तथ्य उल्लेख गरिएको छ।,नेपाली कांग्रेस — आन्दोलन,https://nepalicongress.org/timeline/,True,2026-09-25,mcq
NCQ-057,तलका विकल्पमध्ये २०४६ जनआन्दोलनको प्रमुख उपलब्धि सँग मिल्ने तथ्य छान्नुहोस्।,राणा शासन स्थापना,पञ्चायत विस्तार,गणतन्त्र स्थापना,बहुदलीय प्रजातन्त्र पुनर्स्थापना,D,medium,आन्दोलन,सही उत्तर: बहुदलीय प्रजातन्त्र पुनर्स्थापना। स्रोतमा यो तथ्य उल्लेख गरिएको छ।,नेपाली कांग्रेस — आन्दोलन,https://nepalicongress.org/timeline/,True,2026-09-25,mcq
NCQ-058,ज्ञान परीक्षण: २०४६ जनआन्दोलनको प्रमुख उपलब्धि — सही विकल्प कुन हो?,गणतन्त्र स्थापना,बहुदलीय प्रजातन्त्र पुनर्स्थापना,राणा शासन स्थापना,पञ्चायत विस्तार,B,medium,आन्दोलन,सही उत्तर: बहुदलीय प्रजातन्त्र पुनर्स्थापना। स्रोतमा यो तथ्य उल्लेख गरिएको छ।,नेपाली कांग्रेस — आन्दोलन,https://nepalicongress.org/timeline/,True,2026-09-25,mcq
NCQ-059,"यदि तपाईंलाई इतिहास/सिद्धान्त थाहा छ भने, २०४६ जनआन्दोलनको प्रमुख उपलब्धि को उत्तर छान्नुहोस्।",राणा शासन स्थापना,पञ्चायत विस्तार,गणतन्त्र स्थापना,बहुदलीय प्रजातन्त्र पुनर्स्थापना,D,medium,आन्दोलन,सही उत्तर: बहुदलीय प्रजातन्त्र पुनर्स्थापना। स्रोतमा यो तथ्य उल्लेख गरिएको छ।,नेपाली कांग्रेस — आन्दोलन,https://nepalicongress.org/timeline/,True,2026-09-25,mcq
NCQ-060,चुनौती: २०४६ जनआन्दोलनको प्रमुख उपलब्धि — चार विकल्पमध्ये सही उत्तर कुन हो?,गणतन्त्र स्थापना,बहुदलीय प्रजातन्त्र पुनर्स्थापना,राणा शासन स्थापना,पञ्चायत विस्तार,B,medium,आन्दोलन,सही उत्तर: बहुदलीय प्रजातन्त्र पुनर्स्थापना। स्रोतमा यो तथ्य उल्लेख गरिएको छ।,नेपाली कांग्रेस — आन्दोलन,https://nepalicongress.org/timeline/,True,2026-09-25,mcq
NCQ-061,२०४८ आमनिर्वाचनमा कांग्रेसको स्थिति को सही उत्तर कुन हो?,बहुमत प्राप्त,निर्वाचन बहिष्कार,सबैभन्दा सानो दल,निर्वाचन स्थगित,A,medium,निर्वाचन,सही उत्तर: बहुमत प्राप्त। स्रोतमा यो तथ्य उल्लेख गरिएको छ।,नेपाली कांग्रेस — निर्वाचन,https://nepalicongress.org/timeline/,True,2026-09-25,mcq
NCQ-062,तलका विकल्पमध्ये २०४८ आमनिर्वाचनमा कांग्रेसको स्थिति सँग मिल्ने तथ्य छान्नुहोस्।,सबैभन्दा सानो दल,निर्वाचन स्थगित,बहुमत प्राप्त,निर्वाचन बहिष्कार,C,medium,निर्वाचन,सही उत्तर: बहुमत प्राप्त। स्रोतमा यो तथ्य उल्लेख गरिएको छ।,नेपाली कांग्रेस — निर्वाचन,https://nepalicongress.org/timeline/,True,2026-09-25,mcq
NCQ-063,ज्ञान परीक्षण: २०४८ आमनिर्वाचनमा कांग्रेसको स्थिति — सही विकल्प कुन हो?,बहुमत प्राप्त,निर्वाचन बहिष्कार,सबैभन्दा सानो दल,निर्वाचन स्थगित,A,medium,निर्वाचन,सही उत्तर: बहुमत प्राप्त। स्रोतमा यो तथ्य उल्लेख गरिएको छ।,नेपाली कांग्रेस — निर्वाचन,https://nepalicongress.org/timeline/,True,2026-09-25,mcq
NCQ-064,"यदि तपाईंलाई इतिहास/सिद्धान्त थाहा छ भने, २०४८ आमनिर्वाचनमा कांग्रेसको स्थिति को उत्तर छान्नुहोस्।",सबैभन्दा सानो दल,निर्वाचन स्थगित,बहुमत प्राप्त,निर्वाचन बहिष्कार,C,medium,निर्वाचन,सही उत्तर: बहुमत प्राप्त। स्रोतमा यो तथ्य उल्लेख गरिएको छ।,नेपाली कांग्रेस — निर्वाचन,https://nepalicongress.org/timeline/,True,2026-09-25,mcq
NCQ-065,चुनौती: २०४८ आमनिर्वाचनमा कांग्रेसको स्थिति — चार विकल्पमध्ये सही उत्तर कुन हो?,बहुमत प्राप्त,निर्वाचन बहिष्कार,सबैभन्दा सानो दल,निर्वाचन स्थगित,A,medium,निर्वाचन,सही उत्तर: बहुमत प्राप्त। स्रोतमा यो तथ्य उल्लेख गरिएको छ।,नेपाली कांग्रेस — निर्वाचन,https://nepalicongress.org/timeline/,True,2026-09-25,mcq
NCQ-066,२०५६ निर्वाचनमा कांग्रेसले जितेको सिट को सही उत्तर कुन हो?,७४,१०९,१२१,११३,D,medium,निर्वाचन,सही उत्तर: ११३। स्रोतमा यो तथ्य उल्लेख गरिएको छ।,नेपाली कांग्रेस — निर्वाचन,https://nepalicongress.org/timeline/,True,2026-09-25,mcq
NCQ-067,तलका विकल्पमध्ये २०५६ निर्वाचनमा कांग्रेसले जितेको सिट सँग मिल्ने तथ्य छान्नुहोस्।,१२१,११३,७४,१०९,B,medium,निर्वाचन,सही उत्तर: ११३। स्रोतमा यो तथ्य उल्लेख गरिएको छ।,नेपाली कांग्रेस — निर्वाचन,https://nepalicongress.org/timeline/,True,2026-09-25,mcq
NCQ-068,ज्ञान परीक्षण: २०५६ निर्वाचनमा कांग्रेसले जितेको सिट — सही विकल्प कुन हो?,७४,१०९,१२१,११३,D,medium,निर्वाचन,सही उत्तर: ११३। स्रोतमा यो तथ्य उल्लेख गरिएको छ।,नेपाली कांग्रेस — निर्वाचन,https://nepalicongress.org/timeline/,True,2026-09-25,mcq
NCQ-069,"यदि तपाईंलाई इतिहास/सिद्धान्त थाहा छ भने, २०५६ निर्वाचनमा कांग्रेसले जितेको सिट को उत्तर छान्नुहोस्।",१२१,११३,७४,१०९,B,medium,निर्वाचन,सही उत्तर: ११३। स्रोतमा यो तथ्य उल्लेख गरिएको छ।,नेपाली कांग्रेस — निर्वाचन,https://nepalicongress.org/timeline/,True,2026-09-25,mcq
NCQ-070,चुनौती: २०५६ निर्वाचनमा कांग्रेसले जितेको सिट — चार विकल्पमध्ये सही उत्तर कुन हो?,७४,१०९,१२१,११३,D,medium,निर्वाचन,सही उत्तर: ११३। स्रोतमा यो तथ्य उल्लेख गरिएको छ।,नेपाली कांग्रेस — निर्वाचन,https://nepalicongress.org/timeline/,True,2026-09-25,mcq
NCQ-071,२०६२ मंसिर ७ को १२-बुँदे समझदारी कसबीच को सही उत्तर कुन हो?,केवल विद्यार्थी संगठन,केवल स्थानीय तह,सात राजनीतिक दल र माओवादी,दुई राजदूत,C,medium,आन्दोलन,सही उत्तर: सात राजनीतिक दल र माओवादी। स्रोतमा यो तथ्य उल्लेख गरिएको छ।,नेपाली कांग्रेस — आन्दोलन,https://nepalicongress.org/achievements/,True,2026-09-25,mcq
NCQ-072,तलका विकल्पमध्ये २०६२ मंसिर ७ को १२-बुँदे समझदारी कसबीच सँग मिल्ने तथ्य छान्नुहोस्।,सात राजनीतिक दल र माओवादी,दुई राजदूत,केवल विद्यार्थी संगठन,केवल स्थानीय तह,A,medium,आन्दोलन,सही उत्तर: सात राजनीतिक दल र माओवादी। स्रोतमा यो तथ्य उल्लेख गरिएको छ।,नेपाली कांग्रेस — आन्दोलन,https://nepalicongress.org/achievements/,True,2026-09-25,mcq
NCQ-073,ज्ञान परीक्षण: २०६२ मंसिर ७ को १२-बुँदे समझदारी कसबीच — सही विकल्प कुन हो?,केवल विद्यार्थी संगठन,केवल स्थानीय तह,सात राजनीतिक दल र माओवादी,दुई राजदूत,C,medium,आन्दोलन,सही उत्तर: सात राजनीतिक दल र माओवादी। स्रोतमा यो तथ्य उल्लेख गरिएको छ।,नेपाली कांग्रेस — आन्दोलन,https://nepalicongress.org/achievements/,True,2026-09-25,mcq
NCQ-074,"यदि तपाईंलाई इतिहास/सिद्धान्त थाहा छ भने, २०६२ मंसिर ७ को १२-बुँदे समझदारी कसबीच को उत्तर छान्नुहोस्।",सात राजनीतिक दल र माओवादी,दुई राजदूत,केवल विद्यार्थी संगठन,केवल स्थानीय तह,A,medium,आन्दोलन,सही उत्तर: सात राजनीतिक दल र माओवादी। स्रोतमा यो तथ्य उल्लेख गरिएको छ।,नेपाली कांग्रेस — आन्दोलन,https://nepalicongress.org/achievements/,True,2026-09-25,mcq
NCQ-075,चुनौती: २०६२ मंसिर ७ को १२-बुँदे समझदारी कसबीच — चार विकल्पमध्ये सही उत्तर कुन हो?,केवल विद्यार्थी संगठन,केवल स्थानीय तह,सात राजनीतिक दल र माओवादी,दुई राजदूत,C,medium,आन्दोलन,सही उत्तर: सात राजनीतिक दल र माओवादी। स्रोतमा यो तथ्य उल्लेख गरिएको छ।,नेपाली कांग्रेस — आन्दोलन,https://nepalicongress.org/achievements/,True,2026-09-25,mcq
NCQ-076,२०६४ संविधानसभा निर्वाचनमा सबैभन्दा ठूलो दल को सही उत्तर कुन हो?,राष्ट्रिय जनमोर्चा,माओवादी,नेपाली कांग्रेस,नेकपा एमाले,B,medium,संविधानसभा,सही उत्तर: माओवादी। स्रोतमा यो तथ्य उल्लेख गरिएको छ।,नेपाली कांग्रेस — संविधानसभा,https://app.nepalicongress.org/history/,True,2026-09-25,mcq
NCQ-077,तलका विकल्पमध्ये २०६४ संविधानसभा निर्वाचनमा सबैभन्दा ठूलो दल सँग मिल्ने तथ्य छान्नुहोस्।,नेपाली कांग्रेस,नेकपा एमाले,राष्ट्रिय जनमोर्चा,माओवादी,D,medium,संविधानसभा,सही उत्तर: माओवादी। स्रोतमा यो तथ्य उल्लेख गरिएको छ।,नेपाली कांग्रेस — संविधानसभा,https://app.nepalicongress.org/history/,True,2026-09-25,mcq
NCQ-078,ज्ञान परीक्षण: २०६४ संविधानसभा निर्वाचनमा सबैभन्दा ठूलो दल — सही विकल्प कुन हो?,राष्ट्रिय जनमोर्चा,माओवादी,नेपाली कांग्रेस,नेकपा एमाले,B,medium,संविधानसभा,सही उत्तर: माओवादी। स्रोतमा यो तथ्य उल्लेख गरिएको छ।,नेपाली कांग्रेस — संविधानसभा,https://app.nepalicongress.org/history/,True,2026-09-25,mcq
NCQ-079,"यदि तपाईंलाई इतिहास/सिद्धान्त थाहा छ भने, २०६४ संविधानसभा निर्वाचनमा सबैभन्दा ठूलो दल को उत्तर छान्नुहोस्।",नेपाली कांग्रेस,नेकपा एमाले,राष्ट्रिय जनमोर्चा,माओवादी,D,medium,संविधानसभा,सही उत्तर: माओवादी। स्रोतमा यो तथ्य उल्लेख गरिएको छ।,नेपाली कांग्रेस — संविधानसभा,https://app.nepalicongress.org/history/,True,2026-09-25,mcq
NCQ-080,चुनौती: २०६४ संविधानसभा निर्वाचनमा सबैभन्दा ठूलो दल — चार विकल्पमध्ये सही उत्तर कुन हो?,राष्ट्रिय जनमोर्चा,माओवादी,नेपाली कांग्रेस,नेकपा एमाले,B,medium,संविधानसभा,सही उत्तर: माओवादी। स्रोतमा यो तथ्य उल्लेख गरिएको छ।,नेपाली कांग्रेस — संविधानसभा,https://app.nepalicongress.org/history/,True,2026-09-25,mcq
NCQ-081,२०६५ जेठ १५ को प्रमुख परिवर्तन को सही उत्तर कुन हो?,गणतन्त्र स्थापना,राणा शासन स्थापना,पञ्चायत पुनर्स्थापना,पहिलो आमनिर्वाचन,A,medium,गणतन्त्र,सही उत्तर: गणतन्त्र स्थापना। स्रोतमा यो तथ्य उल्लेख गरिएको छ।,नेपाली कांग्रेस — गणतन्त्र,https://app.nepalicongress.org/history/,True,2026-09-25,mcq
NCQ-082,तलका विकल्पमध्ये २०६५ जेठ १५ को प्रमुख परिवर्तन सँग मिल्ने तथ्य छान्नुहोस्।,पञ्चायत पुनर्स्थापना,पहिलो आमनिर्वाचन,गणतन्त्र स्थापना,राणा शासन स्थापना,C,medium,गणतन्त्र,सही उत्तर: गणतन्त्र स्थापना। स्रोतमा यो तथ्य उल्लेख गरिएको छ।,नेपाली कांग्रेस — गणतन्त्र,https://app.nepalicongress.org/history/,True,2026-09-25,mcq
NCQ-083,ज्ञान परीक्षण: २०६५ जेठ १५ को प्रमुख परिवर्तन — सही विकल्प कुन हो?,गणतन्त्र स्थापना,राणा शासन स्थापना,पञ्चायत पुनर्स्थापना,पहिलो आमनिर्वाचन,A,medium,गणतन्त्र,सही उत्तर: गणतन्त्र स्थापना। स्रोतमा यो तथ्य उल्लेख गरिएको छ।,नेपाली कांग्रेस — गणतन्त्र,https://app.nepalicongress.org/history/,True,2026-09-25,mcq
NCQ-084,"यदि तपाईंलाई इतिहास/सिद्धान्त थाहा छ भने, २०६५ जेठ १५ को प्रमुख परिवर्तन को उत्तर छान्नुहोस्।",पञ्चायत पुनर्स्थापना,पहिलो आमनिर्वाचन,गणतन्त्र स्थापना,राणा शासन स्थापना,C,medium,गणतन्त्र,सही उत्तर: गणतन्त्र स्थापना। स्रोतमा यो तथ्य उल्लेख गरिएको छ।,नेपाली कांग्रेस — गणतन्त्र,https://app.nepalicongress.org/history/,True,2026-09-25,mcq
NCQ-085,चुनौती: २०६५ जेठ १५ को प्रमुख परिवर्तन — चार विकल्पमध्ये सही उत्तर कुन हो?,गणतन्त्र स्थापना,राणा शासन स्थापना,पञ्चायत पुनर्स्थापना,पहिलो आमनिर्वाचन,A,medium,गणतन्त्र,सही उत्तर: गणतन्त्र स्थापना। स्रोतमा यो तथ्य उल्लेख गरिएको छ।,नेपाली कांग्रेस — गणतन्त्र,https://app.nepalicongress.org/history/,True,2026-09-25,mcq
NCQ-086,२०७० दोस्रो संविधानसभामा कांग्रेसको स्थिति को सही उत्तर कुन हो?,निर्वाचन बहिष्कार,सबैभन्दा सानो दल,निर्वाचन स्थगित,पहिलो पार्टीका रूपमा पुनः स्थापित,D,medium,संविधानसभा,सही उत्तर: पहिलो पार्टीका रूपमा पुनः स्थापित। स्रोतमा यो तथ्य उल्लेख गरिएको छ।,नेपाली कांग्रेस — संविधानसभा,https://app.nepalicongress.org/history/,True,2026-09-25,mcq
NCQ-087,तलका विकल्पमध्ये २०७० दोस्रो संविधानसभामा कांग्रेसको स्थिति सँग मिल्ने तथ्य छान्नुहोस्।,निर्वाचन स्थगित,पहिलो पार्टीका रूपमा पुनः स्थापित,निर्वाचन बहिष्कार,सबैभन्दा सानो दल,B,medium,संविधानसभा,सही उत्तर: पहिलो पार्टीका रूपमा पुनः स्थापित। स्रोतमा यो तथ्य उल्लेख गरिएको छ।,नेपाली कांग्रेस — संविधानसभा,https://app.nepalicongress.org/history/,True,2026-09-25,mcq
NCQ-088,ज्ञान परीक्षण: २०७० दोस्रो संविधानसभामा कांग्रेसको स्थिति — सही विकल्प कुन हो?,निर्वाचन बहिष्कार,सबैभन्दा सानो दल,निर्वाचन स्थगित,पहिलो पार्टीका रूपमा पुनः स्थापित,D,medium,संविधानसभा,सही उत्तर: पहिलो पार्टीका रूपमा पुनः स्थापित। स्रोतमा यो तथ्य उल्लेख गरिएको छ।,नेपाली कांग्रेस — संविधानसभा,https://app.nepalicongress.org/history/,True,2026-09-25,mcq
NCQ-089,"यदि तपाईंलाई इतिहास/सिद्धान्त थाहा छ भने, २०७० दोस्रो संविधानसभामा कांग्रेसको स्थिति को उत्तर छान्नुहोस्।",निर्वाचन स्थगित,पहिलो पार्टीका रूपमा पुनः स्थापित,निर्वाचन बहिष्कार,सबैभन्दा सानो दल,B,medium,संविधानसभा,सही उत्तर: पहिलो पार्टीका रूपमा पुनः स्थापित। स्रोतमा यो तथ्य उल्लेख गरिएको छ।,नेपाली कांग्रेस — संविधानसभा,https://app.nepalicongress.org/history/,True,2026-09-25,mcq
NCQ-090,चुनौती: २०७० दोस्रो संविधानसभामा कांग्रेसको स्थिति — चार विकल्पमध्ये सही उत्तर कुन हो?,निर्वाचन बहिष्कार,सबैभन्दा सानो दल,निर्वाचन स्थगित,पहिलो पार्टीका रूपमा पुनः स्थापित,D,medium,संविधानसभा,सही उत्तर: पहिलो पार्टीका रूपमा पुनः स्थापित। स्रोतमा यो तथ्य उल्लेख गरिएको छ।,नेपाली कांग्रेस — संविधानसभा,https://app.nepalicongress.org/history/,True,2026-09-25,mcq
NCQ-091,२०७२ असोज ३ मा के भयो को सही उत्तर कुन हो?,राणा शासन अन्त्य,पञ्चायत अन्त्य,संविधान जारी,पहिलो आमनिर्वाचन,C,medium,संविधान,सही उत्तर: संविधान जारी। स्रोतमा यो तथ्य उल्लेख गरिएको छ।,नेपाली कांग्रेस — संविधान,https://nepalicongress.org/timeline/,True,2026-09-25,mcq
NCQ-092,तलका विकल्पमध्ये २०७२ असोज ३ मा के भयो सँग मिल्ने तथ्य छान्नुहोस्।,संविधान जारी,पहिलो आमनिर्वाचन,राणा शासन अन्त्य,पञ्चायत अन्त्य,A,medium,संविधान,सही उत्तर: संविधान जारी। स्रोतमा यो तथ्य उल्लेख गरिएको छ।,नेपाली कांग्रेस — संविधान,https://nepalicongress.org/timeline/,True,2026-09-25,mcq
NCQ-093,ज्ञान परीक्षण: २०७२ असोज ३ मा के भयो — सही विकल्प कुन हो?,राणा शासन अन्त्य,पञ्चायत अन्त्य,संविधान जारी,पहिलो आमनिर्वाचन,C,medium,संविधान,सही उत्तर: संविधान जारी। स्रोतमा यो तथ्य उल्लेख गरिएको छ।,नेपाली कांग्रेस — संविधान,https://nepalicongress.org/timeline/,True,2026-09-25,mcq
NCQ-094,"यदि तपाईंलाई इतिहास/सिद्धान्त थाहा छ भने, २०७२ असोज ३ मा के भयो को उत्तर छान्नुहोस्।",संविधान जारी,पहिलो आमनिर्वाचन,राणा शासन अन्त्य,पञ्चायत अन्त्य,A,medium,संविधान,सही उत्तर: संविधान जारी। स्रोतमा यो तथ्य उल्लेख गरिएको छ।,नेपाली कांग्रेस — संविधान,https://nepalicongress.org/timeline/,True,2026-09-25,mcq
NCQ-095,चुनौती: २०७२ असोज ३ मा के भयो — चार विकल्पमध्ये सही उत्तर कुन हो?,राणा शासन अन्त्य,पञ्चायत अन्त्य,संविधान जारी,पहिलो आमनिर्वाचन,C,medium,संविधान,सही उत्तर: संविधान जारी। स्रोतमा यो तथ्य उल्लेख गरिएको छ।,नेपाली कांग्रेस — संविधान,https://nepalicongress.org/timeline/,True,2026-09-25,mcq
NCQ-096,संविधान जारी हुँदा तत्कालीन प्रधानमन्त्री को सही उत्तर कुन हो?,कृष्णप्रसाद भट्टराई,सुशील कोइराला,गिरिजाप्रसाद कोइराला,शेरबहादुर देउवा,B,medium,सरकार,सही उत्तर: सुशील कोइराला। स्रोतमा यो तथ्य उल्लेख गरिएको छ।,नेपाली कांग्रेस — सरकार,https://nepalicongress.org/timeline/,True,2026-09-25,mcq
NCQ-097,तलका विकल्पमध्ये संविधान जारी हुँदा तत्कालीन प्रधानमन्त्री सँग मिल्ने तथ्य छान्नुहोस्।,गिरिजाप्रसाद कोइराला,शेरबहादुर देउवा,कृष्णप्रसाद भट्टराई,सुशील कोइराला,D,medium,सरकार,सही उत्तर: सुशील कोइराला। स्रोतमा यो तथ्य उल्लेख गरिएको छ।,नेपाली कांग्रेस — सरकार,https://nepalicongress.org/timeline/,True,2026-09-25,mcq
NCQ-098,ज्ञान परीक्षण: संविधान जारी हुँदा तत्कालीन प्रधानमन्त्री — सही विकल्प कुन हो?,कृष्णप्रसाद भट्टराई,सुशील कोइराला,गिरिजाप्रसाद कोइराला,शेरबहादुर देउवा,B,medium,सरकार,सही उत्तर: सुशील कोइराला। स्रोतमा यो तथ्य उल्लेख गरिएको छ।,नेपाली कांग्रेस — सरकार,https://nepalicongress.org/timeline/,True,2026-09-25,mcq
NCQ-099,"यदि तपाईंलाई इतिहास/सिद्धान्त थाहा छ भने, संविधान जारी हुँदा तत्कालीन प्रधानमन्त्री को उत्तर छान्नुहोस्।",गिरिजाप्रसाद कोइराला,शेरबहादुर देउवा,कृष्णप्रसाद भट्टराई,सुशील कोइराला,D,medium,सरकार,सही उत्तर: सुशील कोइराला। स्रोतमा यो तथ्य उल्लेख गरिएको छ।,नेपाली कांग्रेस — सरकार,https://nepalicongress.org/timeline/,True,2026-09-25,mcq
NCQ-100,चुनौती: संविधान जारी हुँदा तत्कालीन प्रधानमन्त्री — चार विकल्पमध्ये सही उत्तर कुन हो?,कृष्णप्रसाद भट्टराई,सुशील कोइराला,गिरिजाप्रसाद कोइराला,शेरबहादुर देउवा,B,medium,सरकार,सही उत्तर: सुशील कोइराला। स्रोतमा यो तथ्य उल्लेख गरिएको छ।,नेपाली कांग्रेस — सरकार,https://nepalicongress.org/timeline/,True,2026-09-25,mcq
NCQ-101,२०७४ प्रदेश तथा प्रतिनिधि सभा निर्वाचनसँग जोडिएको कांग्रेस नेतृत्व को सही उत्तर कुन हो?,शेरबहादुर देउवा,सुशील कोइराला,बीपी कोइराला,कृष्णप्रसाद भट्टराई,A,hard,सरकार,सही उत्तर: शेरबहादुर देउवा। स्रोतमा यो तथ्य उल्लेख गरिएको छ।,नेपाली कांग्रेस — सरकार,https://nepalicongress.org/timeline/,True,2026-09-25,mcq
NCQ-102,तलका विकल्पमध्ये २०७४ प्रदेश तथा प्रतिनिधि सभा निर्वाचनसँग जोडिएको कांग्रेस नेतृत्व सँग मिल्ने तथ्य छान्नुहोस्।,बीपी कोइराला,कृष्णप्रसाद भट्टराई,शेरबहादुर देउवा,सुशील कोइराला,C,hard,सरकार,सही उत्तर: शेरबहादुर देउवा। स्रोतमा यो तथ्य उल्लेख गरिएको छ।,नेपाली कांग्रेस — सरकार,https://nepalicongress.org/timeline/,True,2026-09-25,mcq
NCQ-103,ज्ञान परीक्षण: २०७४ प्रदेश तथा प्रतिनिधि सभा निर्वाचनसँग जोडिएको कांग्रेस नेतृत्व — सही विकल्प कुन हो?,शेरबहादुर देउवा,सुशील कोइराला,बीपी कोइराला,कृष्णप्रसाद भट्टराई,A,hard,सरकार,सही उत्तर: शेरबहादुर देउवा। स्रोतमा यो तथ्य उल्लेख गरिएको छ।,नेपाली कांग्रेस — सरकार,https://nepalicongress.org/timeline/,True,2026-09-25,mcq
NCQ-104,"यदि तपाईंलाई इतिहास/सिद्धान्त थाहा छ भने, २०७४ प्रदेश तथा प्रतिनिधि सभा निर्वाचनसँग जोडिएको कांग्रेस नेतृत्व को उत्तर छान्नुहोस्।",बीपी कोइराला,कृष्णप्रसाद भट्टराई,शेरबहादुर देउवा,सुशील कोइराला,C,hard,सरकार,सही उत्तर: शेरबहादुर देउवा। स्रोतमा यो तथ्य उल्लेख गरिएको छ।,नेपाली कांग्रेस — सरकार,https://nepalicongress.org/timeline/,True,2026-09-25,mcq
NCQ-105,चुनौती: २०७४ प्रदेश तथा प्रतिनिधि सभा निर्वाचनसँग जोडिएको कांग्रेस नेतृत्व — चार विकल्पमध्ये सही उत्तर कुन हो?,शेरबहादुर देउवा,सुशील कोइराला,बीपी कोइराला,कृष्णप्रसाद भट्टराई,A,hard,सरकार,सही उत्तर: शेरबहादुर देउवा। स्रोतमा यो तथ्य उल्लेख गरिएको छ।,नेपाली कांग्रेस — सरकार,https://nepalicongress.org/timeline/,True,2026-09-25,mcq
NCQ-106,२०४६ पछि अन्तरिम संयुक्त सरकारको नेतृत्व को सही उत्तर कुन हो?,गिरिजाप्रसाद कोइराला,बीपी कोइराला,सुशील कोइराला,कृष्णप्रसाद भट्टराई,D,hard,सरकार,सही उत्तर: कृष्णप्रसाद भट्टराई। स्रोतमा यो तथ्य उल्लेख गरिएको छ।,नेपाली कांग्रेस — सरकार,https://app.nepalicongress.org/history/,True,2026-09-25,mcq
NCQ-107,तलका विकल्पमध्ये २०४६ पछि अन्तरिम संयुक्त सरकारको नेतृत्व सँग मिल्ने तथ्य छान्नुहोस्।,सुशील कोइराला,कृष्णप्रसाद भट्टराई,गिरिजाप्रसाद कोइराला,बीपी कोइराला,B,hard,सरकार,सही उत्तर: कृष्णप्रसाद भट्टराई। स्रोतमा यो तथ्य उल्लेख गरिएको छ।,नेपाली कांग्रेस — सरकार,https://app.nepalicongress.org/history/,True,2026-09-25,mcq
NCQ-108,ज्ञान परीक्षण: २०४६ पछि अन्तरिम संयुक्त सरकारको नेतृत्व — सही विकल्प कुन हो?,गिरिजाप्रसाद कोइराला,बीपी कोइराला,सुशील कोइराला,कृष्णप्रसाद भट्टराई,D,hard,सरकार,सही उत्तर: कृष्णप्रसाद भट्टराई। स्रोतमा यो तथ्य उल्लेख गरिएको छ।,नेपाली कांग्रेस — सरकार,https://app.nepalicongress.org/history/,True,2026-09-25,mcq
NCQ-109,"यदि तपाईंलाई इतिहास/सिद्धान्त थाहा छ भने, २०४६ पछि अन्तरिम संयुक्त सरकारको नेतृत्व को उत्तर छान्नुहोस्।",सुशील कोइराला,कृष्णप्रसाद भट्टराई,गिरिजाप्रसाद कोइराला,बीपी कोइराला,B,hard,सरकार,सही उत्तर: कृष्णप्रसाद भट्टराई। स्रोतमा यो तथ्य उल्लेख गरिएको छ।,नेपाली कांग्रेस — सरकार,https://app.nepalicongress.org/history/,True,2026-09-25,mcq
NCQ-110,चुनौती: २०४६ पछि अन्तरिम संयुक्त सरकारको नेतृत्व — चार विकल्पमध्ये सही उत्तर कुन हो?,गिरिजाप्रसाद कोइराला,बीपी कोइराला,सुशील कोइराला,कृष्णप्रसाद भट्टराई,D,hard,सरकार,सही उत्तर: कृष्णप्रसाद भट्टराई। स्रोतमा यो तथ्य उल्लेख गरिएको छ।,नेपाली कांग्रेस — सरकार,https://app.nepalicongress.org/history/,True,2026-09-25,mcq
NCQ-111,२०४८ पछि कांग्रेसको एकमना सरकारको प्रधानमन्त्री को सही उत्तर कुन हो?,शेरबहादुर देउवा,गगन थापा,गिरिजाप्रसाद कोइराला,कृष्णप्रसाद भट्टराई,C,hard,सरकार,सही उत्तर: गिरिजाप्रसाद कोइराला। स्रोतमा यो तथ्य उल्लेख गरिएको छ।,नेपाली कांग्रेस — सरकार,https://app.nepalicongress.org/history/,True,2026-09-25,mcq
NCQ-112,तलका विकल्पमध्ये २०४८ पछि कांग्रेसको एकमना सरकारको प्रधानमन्त्री सँग मिल्ने तथ्य छान्नुहोस्।,गिरिजाप्रसाद कोइराला,कृष्णप्रसाद भट्टराई,शेरबहादुर देउवा,गगन थापा,A,hard,सरकार,सही उत्तर: गिरिजाप्रसाद कोइराला। स्रोतमा यो तथ्य उल्लेख गरिएको छ।,नेपाली कांग्रेस — सरकार,https://app.nepalicongress.org/history/,True,2026-09-25,mcq
NCQ-113,ज्ञान परीक्षण: २०४८ पछि कांग्रेसको एकमना सरकारको प्रधानमन्त्री — सही विकल्प कुन हो?,शेरबहादुर देउवा,गगन थापा,गिरिजाप्रसाद कोइराला,कृष्णप्रसाद भट्टराई,C,hard,सरकार,सही उत्तर: गिरिजाप्रसाद कोइराला। स्रोतमा यो तथ्य उल्लेख गरिएको छ।,नेपाली कांग्रेस — सरकार,https://app.nepalicongress.org/history/,True,2026-09-25,mcq
NCQ-114,"यदि तपाईंलाई इतिहास/सिद्धान्त थाहा छ भने, २०४८ पछि कांग्रेसको एकमना सरकारको प्रधानमन्त्री को उत्तर छान्नुहोस्।",गिरिजाप्रसाद कोइराला,कृष्णप्रसाद भट्टराई,शेरबहादुर देउवा,गगन थापा,A,hard,सरकार,सही उत्तर: गिरिजाप्रसाद कोइराला। स्रोतमा यो तथ्य उल्लेख गरिएको छ।,नेपाली कांग्रेस — सरकार,https://app.nepalicongress.org/history/,True,2026-09-25,mcq
NCQ-115,चुनौती: २०४८ पछि कांग्रेसको एकमना सरकारको प्रधानमन्त्री — चार विकल्पमध्ये सही उत्तर कुन हो?,शेरबहादुर देउवा,गगन थापा,गिरिजाप्रसाद कोइराला,कृष्णप्रसाद भट्टराई,C,hard,सरकार,सही उत्तर: गिरिजाप्रसाद कोइराला। स्रोतमा यो तथ्य उल्लेख गरिएको छ।,नेपाली कांग्रेस — सरकार,https://app.nepalicongress.org/history/,True,2026-09-25,mcq
NCQ-116,कांग्रेसको घोषणापत्रका नीतिगत आधारस्तम्भ संख्या को सही उत्तर कुन हो?,८,६,४,५,B,hard,घोषणापत्र,सही उत्तर: ६। स्रोतमा यो तथ्य उल्लेख गरिएको छ।,नेपाली कांग्रेस — घोषणापत्र,https://nepalicongress.org/manifesto/,True,2026-09-25,mcq
NCQ-117,तलका विकल्पमध्ये कांग्रेसको घोषणापत्रका नीतिगत आधारस्तम्भ संख्या सँग मिल्ने तथ्य छान्नुहोस्।,४,५,८,६,D,hard,घोषणापत्र,सही उत्तर: ६। स्रोतमा यो तथ्य उल्लेख गरिएको छ।,नेपाली कांग्रेस — घोषणापत्र,https://nepalicongress.org/manifesto/,True,2026-09-25,mcq
NCQ-118,ज्ञान परीक्षण: कांग्रेसको घोषणापत्रका नीतिगत आधारस्तम्भ संख्या — सही विकल्प कुन हो?,८,६,४,५,B,hard,घोषणापत्र,सही उत्तर: ६। स्रोतमा यो तथ्य उल्लेख गरिएको छ।,नेपाली कांग्रेस — घोषणापत्र,https://nepalicongress.org/manifesto/,True,2026-09-25,mcq
NCQ-119,"यदि तपाईंलाई इतिहास/सिद्धान्त थाहा छ भने, कांग्रेसको घोषणापत्रका नीतिगत आधारस्तम्भ संख्या को उत्तर छान्नुहोस्।",४,५,८,६,D,hard,घोषणापत्र,सही उत्तर: ६। स्रोतमा यो तथ्य उल्लेख गरिएको छ।,नेपाली कांग्रेस — घोषणापत्र,https://nepalicongress.org/manifesto/,True,2026-09-25,mcq
NCQ-120,चुनौती: कांग्रेसको घोषणापत्रका नीतिगत आधारस्तम्भ संख्या — चार विकल्पमध्ये सही उत्तर कुन हो?,८,६,४,५,B,hard,घोषणापत्र,सही उत्तर: ६। स्रोतमा यो तथ्य उल्लेख गरिएको छ।,नेपाली कांग्रेस — घोषणापत्र,https://nepalicongress.org/manifesto/,True,2026-09-25,mcq
NCQ-121,घोषणापत्रको पहिलो स्तम्भ को सही उत्तर कुन हो?,समावेशी लोकतन्त्र र सुशासन,आर्थिक सुधार र रोजगारी,युवा र ज्ञान–आधारित अर्थतन्त्र,हरित विकास र जलवायु अनुकूलन,A,hard,घोषणापत्र,सही उत्तर: समावेशी लोकतन्त्र र सुशासन। स्रोतमा यो तथ्य उल्लेख गरिएको छ।,नेपाली कांग्रेस — घोषणापत्र,https://nepalicongress.org/manifesto/,True,2026-09-25,mcq
NCQ-122,तलका विकल्पमध्ये घोषणापत्रको पहिलो स्तम्भ सँग मिल्ने तथ्य छान्नुहोस्।,युवा र ज्ञान–आधारित अर्थतन्त्र,हरित विकास र जलवायु अनुकूलन,समावेशी लोकतन्त्र र सुशासन,आर्थिक सुधार र रोजगारी,C,hard,घोषणापत्र,सही उत्तर: समावेशी लोकतन्त्र र सुशासन। स्रोतमा यो तथ्य उल्लेख गरिएको छ।,नेपाली कांग्रेस — घोषणापत्र,https://nepalicongress.org/manifesto/,True,2026-09-25,mcq
NCQ-123,ज्ञान परीक्षण: घोषणापत्रको पहिलो स्तम्भ — सही विकल्प कुन हो?,समावेशी लोकतन्त्र र सुशासन,आर्थिक सुधार र रोजगारी,युवा र ज्ञान–आधारित अर्थतन्त्र,हरित विकास र जलवायु अनुकूलन,A,hard,घोषणापत्र,सही उत्तर: समावेशी लोकतन्त्र र सुशासन। स्रोतमा यो तथ्य उल्लेख गरिएको छ।,नेपाली कांग्रेस — घोषणापत्र,https://nepalicongress.org/manifesto/,True,2026-09-25,mcq
NCQ-124,"यदि तपाईंलाई इतिहास/सिद्धान्त थाहा छ भने, घोषणापत्रको पहिलो स्तम्भ को उत्तर छान्नुहोस्।",युवा र ज्ञान–आधारित अर्थतन्त्र,हरित विकास र जलवायु अनुकूलन,समावेशी लोकतन्त्र र सुशासन,आर्थिक सुधार र रोजगारी,C,hard,घोषणापत्र,सही उत्तर: समावेशी लोकतन्त्र र सुशासन। स्रोतमा यो तथ्य उल्लेख गरिएको छ।,नेपाली कांग्रेस — घोषणापत्र,https://nepalicongress.org/manifesto/,True,2026-09-25,mcq
NCQ-125,चुनौती: घोषणापत्रको पहिलो स्तम्भ — चार विकल्पमध्ये सही उत्तर कुन हो?,समावेशी लोकतन्त्र र सुशासन,आर्थिक सुधार र रोजगारी,युवा र ज्ञान–आधारित अर्थतन्त्र,हरित विकास र जलवायु अनुकूलन,A,hard,घोषणापत्र,सही उत्तर: समावेशी लोकतन्त्र र सुशासन। स्रोतमा यो तथ्य उल्लेख गरिएको छ।,नेपाली कांग्रेस — घोषणापत्र,https://nepalicongress.org/manifesto/,True,2026-09-25,mcq
NCQ-126,घोषणापत्रको चौथो स्तम्भ को सही उत्तर कुन हो?,समावेशी लोकतन्त्र,हरित विकास,सामाजिक सुरक्षा,युवा र ज्ञान–आधारित अर्थतन्त्र,D,hard,घोषणापत्र,सही उत्तर: युवा र ज्ञान–आधारित अर्थतन्त्र। स्रोतमा यो तथ्य उल्लेख गरिएको छ।,नेपाली कांग्रेस — घोषणापत्र,https://nepalicongress.org/manifesto/,True,2026-09-25,mcq
NCQ-127,तलका विकल्पमध्ये घोषणापत्रको चौथो स्तम्भ सँग मिल्ने तथ्य छान्नुहोस्।,सामाजिक सुरक्षा,युवा र ज्ञान–आधारित अर्थतन्त्र,समावेशी लोकतन्त्र,हरित विकास,B,hard,घोषणापत्र,सही उत्तर: युवा र ज्ञान–आधारित अर्थतन्त्र। स्रोतमा यो तथ्य उल्लेख गरिएको छ।,नेपाली कांग्रेस — घोषणापत्र,https://nepalicongress.org/manifesto/,True,2026-09-25,mcq
NCQ-128,ज्ञान परीक्षण: घोषणापत्रको चौथो स्तम्भ — सही विकल्प कुन हो?,समावेशी लोकतन्त्र,हरित विकास,सामाजिक सुरक्षा,युवा र ज्ञान–आधारित अर्थतन्त्र,D,hard,घोषणापत्र,सही उत्तर: युवा र ज्ञान–आधारित अर्थतन्त्र। स्रोतमा यो तथ्य उल्लेख गरिएको छ।,नेपाली कांग्रेस — घोषणापत्र,https://nepalicongress.org/manifesto/,True,2026-09-25,mcq
NCQ-129,"यदि तपाईंलाई इतिहास/सिद्धान्त थाहा छ भने, घोषणापत्रको चौथो स्तम्भ को उत्तर छान्नुहोस्।",सामाजिक सुरक्षा,युवा र ज्ञान–आधारित अर्थतन्त्र,समावेशी लोकतन्त्र,हरित विकास,B,hard,घोषणापत्र,सही उत्तर: युवा र ज्ञान–आधारित अर्थतन्त्र। स्रोतमा यो तथ्य उल्लेख गरिएको छ।,नेपाली कांग्रेस — घोषणापत्र,https://nepalicongress.org/manifesto/,True,2026-09-25,mcq
NCQ-130,चुनौती: घोषणापत्रको चौथो स्तम्भ — चार विकल्पमध्ये सही उत्तर कुन हो?,समावेशी लोकतन्त्र,हरित विकास,सामाजिक सुरक्षा,युवा र ज्ञान–आधारित अर्थतन्त्र,D,hard,घोषणापत्र,सही उत्तर: युवा र ज्ञान–आधारित अर्थतन्त्र। स्रोतमा यो तथ्य उल्लेख गरिएको छ।,नेपाली कांग्रेस — घोषणापत्र,https://nepalicongress.org/manifesto/,True,2026-09-25,mcq
NCQ-131,घोषणापत्रको पाँचौँ स्तम्भ को सही उत्तर कुन हो?,युवा र ज्ञान–आधारित अर्थतन्त्र,समावेशी लोकतन्त्र,हरित विकास र जलवायु अनुकूलन,आर्थिक सुधार र रोजगारी,C,hard,घोषणापत्र,सही उत्तर: हरित विकास र जलवायु अनुकूलन। स्रोतमा यो तथ्य उल्लेख गरिएको छ।,नेपाली कांग्रेस — घोषणापत्र,https://nepalicongress.org/manifesto/,True,2026-09-25,mcq
NCQ-132,तलका विकल्पमध्ये घोषणापत्रको पाँचौँ स्तम्भ सँग मिल्ने तथ्य छान्नुहोस्।,हरित विकास र जलवायु अनुकूलन,आर्थिक सुधार र रोजगारी,युवा र ज्ञान–आधारित अर्थतन्त्र,समावेशी लोकतन्त्र,A,hard,घोषणापत्र,सही उत्तर: हरित विकास र जलवायु अनुकूलन। स्रोतमा यो तथ्य उल्लेख गरिएको छ।,नेपाली कांग्रेस — घोषणापत्र,https://nepalicongress.org/manifesto/,True,2026-09-25,mcq
NCQ-133,ज्ञान परीक्षण: घोषणापत्रको पाँचौँ स्तम्भ — सही विकल्प कुन हो?,युवा र ज्ञान–आधारित अर्थतन्त्र,समावेशी लोकतन्त्र,हरित विकास र जलवायु अनुकूलन,आर्थिक सुधार र रोजगारी,C,hard,घोषणापत्र,सही उत्तर: हरित विकास र जलवायु अनुकूलन। स्रोतमा यो तथ्य उल्लेख गरिएको छ।,नेपाली कांग्रेस — घोषणापत्र,https://nepalicongress.org/manifesto/,True,2026-09-25,mcq
NCQ-134,"यदि तपाईंलाई इतिहास/सिद्धान्त थाहा छ भने, घोषणापत्रको पाँचौँ स्तम्भ को उत्तर छान्नुहोस्।",हरित विकास र जलवायु अनुकूलन,आर्थिक सुधार र रोजगारी,युवा र ज्ञान–आधारित अर्थतन्त्र,समावेशी लोकतन्त्र,A,hard,घोषणापत्र,सही उत्तर: हरित विकास र जलवायु अनुकूलन। स्रोतमा यो तथ्य उल्लेख गरिएको छ।,नेपाली कांग्रेस — घोषणापत्र,https://nepalicongress.org/manifesto/,True,2026-09-25,mcq
NCQ-135,चुनौती: घोषणापत्रको पाँचौँ स्तम्भ — चार विकल्पमध्ये सही उत्तर कुन हो?,युवा र ज्ञान–आधारित अर्थतन्त्र,समावेशी लोकतन्त्र,हरित विकास र जलवायु अनुकूलन,आर्थिक सुधार र रोजगारी,C,hard,घोषणापत्र,सही उत्तर: हरित विकास र जलवायु अनुकूलन। स्रोतमा यो तथ्य उल्लेख गरिएको छ।,नेपाली कांग्रेस — घोषणापत्र,https://nepalicongress.org/manifesto/,True,2026-09-25,mcq
NCQ-136,घोषणापत्रको छैटौँ स्तम्भ को सही उत्तर कुन हो?,समावेशी लोकतन्त्र,सन्तुलित परराष्ट्र नीति र प्रवासी नेपाली,युवा र ज्ञान–आधारित अर्थतन्त्र,समन्यायिक समाज,B,hard,घोषणापत्र,सही उत्तर: सन्तुलित परराष्ट्र नीति र प्रवासी नेपाली। स्रोतमा यो तथ्य उल्लेख गरिएको छ।,नेपाली कांग्रेस — घोषणापत्र,https://nepalicongress.org/manifesto/,True,2026-09-25,mcq
NCQ-137,तलका विकल्पमध्ये घोषणापत्रको छैटौँ स्तम्भ सँग मिल्ने तथ्य छान्नुहोस्।,युवा र ज्ञान–आधारित अर्थतन्त्र,समन्यायिक समाज,समावेशी लोकतन्त्र,सन्तुलित परराष्ट्र नीति र प्रवासी नेपाली,D,hard,घोषणापत्र,सही उत्तर: सन्तुलित परराष्ट्र नीति र प्रवासी नेपाली। स्रोतमा यो तथ्य उल्लेख गरिएको छ।,नेपाली कांग्रेस — घोषणापत्र,https://nepalicongress.org/manifesto/,True,2026-09-25,mcq
NCQ-138,ज्ञान परीक्षण: घोषणापत्रको छैटौँ स्तम्भ — सही विकल्प कुन हो?,समावेशी लोकतन्त्र,सन्तुलित परराष्ट्र नीति र प्रवासी नेपाली,युवा र ज्ञान–आधारित अर्थतन्त्र,समन्यायिक समाज,B,hard,घोषणापत्र,सही उत्तर: सन्तुलित परराष्ट्र नीति र प्रवासी नेपाली। स्रोतमा यो तथ्य उल्लेख गरिएको छ।,नेपाली कांग्रेस — घोषणापत्र,https://nepalicongress.org/manifesto/,True,2026-09-25,mcq
NCQ-139,"यदि तपाईंलाई इतिहास/सिद्धान्त थाहा छ भने, घोषणापत्रको छैटौँ स्तम्भ को उत्तर छान्नुहोस्।",युवा र ज्ञान–आधारित अर्थतन्त्र,समन्यायिक समाज,समावेशी लोकतन्त्र,सन्तुलित परराष्ट्र नीति र प्रवासी नेपाली,D,hard,घोषणापत्र,सही उत्तर: सन्तुलित परराष्ट्र नीति र प्रवासी नेपाली। स्रोतमा यो तथ्य उल्लेख गरिएको छ।,नेपाली कांग्रेस — घोषणापत्र,https://nepalicongress.org/manifesto/,True,2026-09-25,mcq
NCQ-140,चुनौती: घोषणापत्रको छैटौँ स्तम्भ — चार विकल्पमध्ये सही उत्तर कुन हो?,समावेशी लोकतन्त्र,सन्तुलित परराष्ट्र नीति र प्रवासी नेपाली,युवा र ज्ञान–आधारित अर्थतन्त्र,समन्यायिक समाज,B,hard,घोषणापत्र,सही उत्तर: सन्तुलित परराष्ट्र नीति र प्रवासी नेपाली। स्रोतमा यो तथ्य उल्लेख गरिएको छ।,नेपाली कांग्रेस — घोषणापत्र,https://nepalicongress.org/manifesto/,True,2026-09-25,mcq
NCQ-141,कांग्रेसको आधिकारिक सिद्धान्तले कुन व्यवस्थाप्रति प्रतिबद्धता जनाएको छ को सही उत्तर कुन हो?,बहुलवादमा आधारित बहुदलीय संसदीय लोकतन्त्र,एकदलीय शासन,राजतन्त्र,सैन्य शासन,A,hard,सिद्धान्त,सही उत्तर: बहुलवादमा आधारित बहुदलीय संसदीय लोकतन्त्र। स्रोतमा यो तथ्य उल्लेख गरिएको छ।,नेपाली कांग्रेस — सिद्धान्त,https://nepalicongress.org/principle/,True,2026-09-25,mcq
NCQ-142,तलका विकल्पमध्ये कांग्रेसको आधिकारिक सिद्धान्तले कुन व्यवस्थाप्रति प्रतिबद्धता जनाएको छ सँग मिल्ने तथ्य छान्नुहोस्।,राजतन्त्र,सैन्य शासन,बहुलवादमा आधारित बहुदलीय संसदीय लोकतन्त्र,एकदलीय शासन,C,hard,सिद्धान्त,सही उत्तर: बहुलवादमा आधारित बहुदलीय संसदीय लोकतन्त्र। स्रोतमा यो तथ्य उल्लेख गरिएको छ।,नेपाली कांग्रेस — सिद्धान्त,https://nepalicongress.org/principle/,True,2026-09-25,mcq
NCQ-143,ज्ञान परीक्षण: कांग्रेसको आधिकारिक सिद्धान्तले कुन व्यवस्थाप्रति प्रतिबद्धता जनाएको छ — सही विकल्प कुन हो?,बहुलवादमा आधारित बहुदलीय संसदीय लोकतन्त्र,एकदलीय शासन,राजतन्त्र,सैन्य शासन,A,hard,सिद्धान्त,सही उत्तर: बहुलवादमा आधारित बहुदलीय संसदीय लोकतन्त्र। स्रोतमा यो तथ्य उल्लेख गरिएको छ।,नेपाली कांग्रेस — सिद्धान्त,https://nepalicongress.org/principle/,True,2026-09-25,mcq
NCQ-144,"यदि तपाईंलाई इतिहास/सिद्धान्त थाहा छ भने, कांग्रेसको आधिकारिक सिद्धान्तले कुन व्यवस्थाप्रति प्रतिबद्धता जनाएको छ को उत्तर छान्नुहोस्।",राजतन्त्र,सैन्य शासन,बहुलवादमा आधारित बहुदलीय संसदीय लोकतन्त्र,एकदलीय शासन,C,hard,सिद्धान्त,सही उत्तर: बहुलवादमा आधारित बहुदलीय संसदीय लोकतन्त्र। स्रोतमा यो तथ्य उल्लेख गरिएको छ।,नेपाली कांग्रेस — सिद्धान्त,https://nepalicongress.org/principle/,True,2026-09-25,mcq
NCQ-145,चुनौती: कांग्रेसको आधिकारिक सिद्धान्तले कुन व्यवस्थाप्रति प्रतिबद्धता जनाएको छ — चार विकल्पमध्ये सही उत्तर कुन हो?,बहुलवादमा आधारित बहुदलीय संसदीय लोकतन्त्र,एकदलीय शासन,राजतन्त्र,सैन्य शासन,A,hard,सिद्धान्त,सही उत्तर: बहुलवादमा आधारित बहुदलीय संसदीय लोकतन्त्र। स्रोतमा यो तथ्य उल्लेख गरिएको छ।,नेपाली कांग्रेस — सिद्धान्त,https://nepalicongress.org/principle/,True,2026-09-25,mcq
NCQ-146,लोकतन्त्रका आधारभूत तत्वमध्ये कुन पर्छ को सही उत्तर कुन हो?,वंशानुगत शासन,एकदलीय नियन्त्रण,सैन्य शासन,आवधिक निर्वाचन,D,hard,सिद्धान्त,सही उत्तर: आवधिक निर्वाचन। स्रोतमा यो तथ्य उल्लेख गरिएको छ।,नेपाली कांग्रेस — सिद्धान्त,https://nepalicongress.org/principle/,True,2026-09-25,mcq
NCQ-147,तलका विकल्पमध्ये लोकतन्त्रका आधारभूत तत्वमध्ये कुन पर्छ सँग मिल्ने तथ्य छान्नुहोस्।,सैन्य शासन,आवधिक निर्वाचन,वंशानुगत शासन,एकदलीय नियन्त्रण,B,hard,सिद्धान्त,सही उत्तर: आवधिक निर्वाचन। स्रोतमा यो तथ्य उल्लेख गरिएको छ।,नेपाली कांग्रेस — सिद्धान्त,https://nepalicongress.org/principle/,True,2026-09-25,mcq
NCQ-148,ज्ञान परीक्षण: लोकतन्त्रका आधारभूत तत्वमध्ये कुन पर्छ — सही विकल्प कुन हो?,वंशानुगत शासन,एकदलीय नियन्त्रण,सैन्य शासन,आवधिक निर्वाचन,D,hard,सिद्धान्त,सही उत्तर: आवधिक निर्वाचन। स्रोतमा यो तथ्य उल्लेख गरिएको छ।,नेपाली कांग्रेस — सिद्धान्त,https://nepalicongress.org/principle/,True,2026-09-25,mcq
NCQ-149,"यदि तपाईंलाई इतिहास/सिद्धान्त थाहा छ भने, लोकतन्त्रका आधारभूत तत्वमध्ये कुन पर्छ को उत्तर छान्नुहोस्।",सैन्य शासन,आवधिक निर्वाचन,वंशानुगत शासन,एकदलीय नियन्त्रण,B,hard,सिद्धान्त,सही उत्तर: आवधिक निर्वाचन। स्रोतमा यो तथ्य उल्लेख गरिएको छ।,नेपाली कांग्रेस — सिद्धान्त,https://nepalicongress.org/principle/,True,2026-09-25,mcq
NCQ-150,चुनौती: लोकतन्त्रका आधारभूत तत्वमध्ये कुन पर्छ — चार विकल्पमध्ये सही उत्तर कुन हो?,वंशानुगत शासन,एकदलीय नियन्त्रण,सैन्य शासन,आवधिक निर्वाचन,D,hard,सिद्धान्त,सही उत्तर: आवधिक निर्वाचन। स्रोतमा यो तथ्य उल्लेख गरिएको छ।,नेपाली कांग्रेस — सिद्धान्त,https://nepalicongress.org/principle/,True,2026-09-25,mcq
